<style>
  .clearAll{font-size: 12px;color: white;background: red;padding: 2px 12px;border-radius: 4px;cursor: pointer;}
  .btnRemove{padding: 4px 0;text-align: center;background: red;color: white;font-weight: 600;border-radius: 8px;cursor: pointer;}
  .notice{background: #860a0a;color: white;padding: 10px 18px;border-radius: 8px;text-align: center;margin-bottom:8px;}
  .showBookmark{display: grid;grid-template-columns: repeat(auto-fill,minmax(141px,1fr));grid-gap:12px;}
  .showBookmark article {display: grid;grid-template-rows: 1fr auto;grid-gap:15px;}
  article div.limit{position: relative;border-radius: 3px;overflow:hidden;aspect-ratio: 3/4;}
  .bsx:hover div.limit img{scale:1.2;}
  article div.limit .typez{position: absolute;bottom: 4px;z-index: 1;right: 4px;background: var(--primary-color);color: var(--hf1f);padding: 0 6px;border-radius: 4px;}
  article div.limit div.bt{position:absolute;top:17px;z-index:1;left:-26px;background:#ff0054;color:white;border-radius:0 8px;transform:rotate(-45deg);padding:0 24px;text-align:center;font-size:12px;}
  article div.limit div.ply{position: absolute;left: 0;right: 0;z-index: 1;bottom: 0;top: 0;}
  article div.limit div.ply:before{content: '';position: absolute;top: 0;bottom: 0;right: 0;left: 0;background: #000000a6;z-index: -1;display: none;}
  .bsx:hover div.limit div.ply:before,.bsx:hover div.limit div.ply svg{display:block !important;}
  article div.limit div.ply svg{display: block;margin: 0 auto;fill: white;height: 100%;width: 30px;display: none;}
  article div.limit img{display: block;position: relative;z-index: 0;width: 100%;border-radius: inherit;}
  div.tt{text-align: center;margin: 8px 0;display: -webkit-box;-webkit-line-clamp: 2;-webkit-box-orient: vertical;}
  div.tt h2{display: none;}
</style>
<div class='notice'>Limit menyimpan daftar anime hanya 100 judul. Daftar anime disimpan di browser yang sedang kalian gunakan.Apabila anda membuka halaman ini dengan browser yang berbeda,maka daftar kalian yang sudah kalian simpan sebelumnya tidak akan tampil.</div>

<div class='showBookmark'></div>

<script>
var bookmark = (function(){
list = [];

//Event Saving to Local Storage
function setBookmark(){
	localStorage.setItem('bookmark', JSON.stringify(list));
}

function loadBookmark() {
    list = JSON.parse(localStorage.getItem('bookmark'));
}

if (localStorage.getItem("bookmark") != null) {
    loadBookmark();
}

obj = {};
//Clear Bookmark
obj.clearALL = function() {
    list = [];
    setBookmark();
  }
  //Remove Bookmark    
obj.removeThisItem = function(id) {
    for(var item in list) {
      if(list[item].id === id) {
        list.splice(item, 1);
        break;
      }
    }
    setBookmark();
  }
  return obj;
})();

function displayIt(){
var getData = JSON.parse(localStorage.getItem('bookmark'));
  var structure = '';
  for(var i in getData){
   structure += '<article class="box" itemscope="itemscope" itemtype="http://schema.org/CreativeWork">'
			 +	'<div id="'+getData[i].id+'" class="bsx">'
			 +	'<a href="'+getData[i].link+'" itemprop="url" title="'+getData[i].name+'">'
			 +	'<div class="limit"><div class="typez '+getData[i].type+'">'+getData[i].type+'</div>'
			 +	'<div class="ply"><svg xmlns="http://www.w3.org/2000/svg" aria-hidden="true" role="img" width="20" height="20" preserveAspectRatio="xMidYMid meet" viewBox="0 0 16 16"><path fill="white" fill-rule="evenodd" d="M14.5 2H9l-.35.15l-.65.64l-.65-.64L7 2H1.5l-.5.5v10l.5.5h5.29l.86.85h.7l.86-.85h5.29l.5-.5v-10l-.5-.5zm-7 10.32l-.18-.17L7 12H2V3h4.79l.74.74l-.03 8.58zM14 12H9l-.35.15l-.14.13V3.7l.7-.7H14v9zM6 5H3v1h3V5zm0 4H3v1h3V9zM3 7h3v1H3V7zm10-2h-3v1h3V5zm-3 2h3v1h-3V7zm0 2h3v1h-3V9z" clip-rule="evenodd"/></svg></div>'
			 +	'<div class="bt"><span class="epx">'+getData[i].status+'</span></div>'
			 +	'<img src="'+getData[i].img+'" loading="lazy" itemprop="image" title="'+getData[i].name+'" alt="'+getData[i].name+'"></div>'
			 +	'<div class="tt oh">'+getData[i].name+'<h2 itemprop="headline">'+getData[i].name+'</h2></div></a></div>'
			 +	'<div class="btnRemove" data-id="'+getData[i].id+'">Remove</div></article>';
  }
  $('.showBookmark').html(structure);
}
$('.clearAll').click(function(){
  bookmark.clearALL();
  displayIt();
});
$('.showBookmark').on("click", ".btnRemove", function(event) {
  bookmark.removeThisItem($(this).data('id'));
  displayIt();
})
displayIt();
</script>

