<!--Paste code bellow at the bottom of your post-->

<div id="download">
  <div class="index-list">
    <a href="#">
      Solo Leveling Chapter 20
    </a>
  </div>
  <div class="index-list">
    <a href="#">
      Solo Leveling Chapter 19
    </a>
  </div>
  <div class="index-list">
    <a href="#">
      Solo Leveling Chapter 18
    </a>
  </div>
  <div class="index-list">
    <a href="#">
      Solo Leveling Chapter 17
    </a>
  </div>
  <div class="index-list">
    <a href="#">
      Solo Leveling Chapter 16
    </a>
  </div>
  <div class="index-list">
    <a href="#">
      Solo Leveling Chapter 15
    </a>
  </div>
  <div class="index-list">
    <a href="#">
      Solo Leveling Chapter 14
    </a>
  </div>
  <div class="index-list">
    <a href="#">
      Solo Leveling Chapter 13
    </a>
  </div>
  <div class="index-list">
    <a href="#">
      Solo Leveling Chapter 12
    </a>
  </div>
  <div class="index-list">
    <a href="#">
      Solo Leveling Chapter 11
    </a>
  </div>
  <div class="index-list">
    <a href="#">
      Solo Leveling Chapter 10
    </a>
  </div>
  <div class="index-list">
    <a href="#">
      Solo Leveling Chapter 9
    </a>
  </div>
  <div class="index-list">
    <a href="#">
      Solo Leveling Chapter 8
    </a>
  </div>
  <div class="index-list">
    <a href="#">
      Solo Leveling Chapter 7
    </a>
  </div>
  <div class="index-list">
    <a href="#">
      Solo Leveling Chapter 6
    </a>
  </div>
  <div class="index-list">
    <a href="#">
      Solo Leveling Chapter 5
    </a>
  </div>
  <div class="index-list">
    <a href="#">
      Solo Leveling Chapter 4
    </a>
  </div>
  <div class="index-list">
    <a href="#">
      Solo Leveling Chapter 3
    </a>
  </div>
  <div class="index-list">
    <a href="#">
      Solo Leveling Chapter 2
    </a>
  </div>
  <div class="index-list">
    <a href="#">
      Solo Leveling Chapter 1
    </a>
  </div>
</div>